gene,time_8_vs_0,time_4_vs_0
AI504432,-0.024795657330670018,0.05231293612619137
AW046200,-0.650283112287803,-0.03479797220471337
AW551984,0.23200329643336914,-0.4283628643408024
Aamp,0.027085266581476475,0.05224224740194572
Abca12,-0.11584717374518982,-0.1138708493414895
Abcc8,-0.11386485645102074,0.01625178419654638
Abhd14a,-0.3091255266841868,-0.08000849082371886
Abi2,0.010964745594108649,-8.935003246168804e-4
Abi3bp,-0.43179278246806785,-0.10700958238980629
Abl2,-0.01882473322265721,-0.05497305769356231
Acadl,-0.03528666378680967,0.018195453410444706
Acap3,-0.08694676155042202,-0.09001287826034599
Acbd4,0.3197916894242958,0.14860518601379624
Acbd6,0.054753817084749024,0.06313499628823038
Acer2,0.7489057098315364,0.38980496350051475
Ackr3,-0.06386838870522116,-0.11919554856576475
Acmsd,Inf,Inf
Acot3,0.39419519842865647,0.16225958357425085
Acr,1.5777366346875557,0.33072980044105726
Acrbp,-0.6447565678355662,-0.05117722342776698
Acsl5,0.12677390456805693,0.07716136174066879
Acta2,-0.12432837186825729,-0.10835728187363358
Actg1,-0.23715300084462854,-0.09190478328618035
Actr3,-0.022579612082420653,0.0206740843103681
Adam17,-0.38350899807622163,-0.16578814126168595
Adam1a,-0.5748458570469737,-0.09598622287973324
Adam23,0.02481761829989715,0.05741170654671457
Adamts19,0.0997748910943983,-Inf
Adat1,-0.4382095580318568,-0.07137546109019155
Agpat1,-0.3218604757143666,-0.02514121461562091
Agpat5,-0.32779304620483085,-0.07881629497880382
Agt,0.6325311424435647,0.266688792634298
Aim2,0.5835845456645954,0.11591566783978458
Aipl1,2.0562135414523803,0.13395353154744294
Ak4,-0.43727579321735277,-0.11973014705122154
Ak6,-0.475318867612482,-0.060624234705760394
Akap5,-0.1263859845239299,-0.11566355320075417
Aldh18a1,-0.3482145008563329,-0.06367410402714135
Aldh3a2,-0.041979278906778106,0.0491742028658253
Aldh6a1,0.38158865914172857,0.09106350966122534
Aldh9a1,-0.011045239502846194,0.002547441552356311
Alg14,-0.31598675450931335,-0.11813337420849557
Alk,0.1111387176641685,0.0785204037241618
Alkbh3,0.39488469099886014,0.1023238779186233
Alox8,0.030399820893197038,0.09880553785766821
Aloxe3,0.6125970196460138,0.16750278652196027
Amer3,0.006189201436276548,0.026804692102930794
Amigo2,0.31928222628468994,0.11627890854534506
Amn,0.2208226458032443,-0.0025774847297284076
Amt,-0.46390924138345113,-0.08142139047080299
Amy1,0.5021937523375515,0.15986310717772234
Amz2,-0.21615931350601958,-0.03054131208533395
Angptl1,0.19811261575045336,-0.3031601599452216
Ankmy1,0.2563028499300106,0.11604672036099162
Ankrd29,-0.28024349965150286,0.003464245349343642
Ankrd39,0.4558673469533101,0.1419332215838045
Ankrd44,-0.06715461777465848,-0.030888635731545655
Ankrd6,0.12107581338085982,0.026744639568044626
Anks1,-0.2812863896305622,-0.11825213398640422
Ankzf1,-0.025157005952090472,0.05321742438508448
Anxa3,0.3711255967249931,0.06255579814488854
Aox2,Inf,NA
Aox4,0.4089453515449548,0.05779965875359516
Ap1m1,-0.035274217964050614,0.05325567739926029
Apoc1,0.9412757933436255,0.06250648093193067
Apod,0.9985308287666381,0.21417548751997018
Aqp4,-0.4658020674651482,-0.19046808398485737
Arap3,-0.01206939213564251,-0.10271120427483282
Arc,-0.12344366122690786,0.10285946591129669
Arfgap2,0.1329188105379977,0.04896188875411589
Arfgef1,-0.02646352833866139,-0.009814167102447868
Arhgap10,-0.03365194121605253,-0.07736226325161244
Arhgef37,0.12401964457999348,-0.059057458353385606
Arid5b,-0.24681155235822416,-0.11883637081213738
Armc9,0.005948555999797378,-0.02087573331635273
Armcx5,0.6749154414857177,0.17833489565740912
Arpc2,-0.01750817692101414,0.006271209682534362
Arpc5,-0.041439347331296617,-0.04700944544356922
Arrdc2,0.5461284577095791,-0.013525367717653225
Ascl1,0.44796995812025653,0.08642824280612782
Ascl5,NA,NA
Asic3,0.7643783055604447,0.16813734985034756
Asic4,0.07157276828248982,-0.2169580465430192
Asl,0.7725030594606883,0.32570037414067876
Asnsd1,0.04813271338429015,0.041686768726599155
Ass1,0.49792837395413425,0.14644411533504442
Atat1,-0.28168227372851806,-0.12909326347404004
Atg10,0.010145749441871743,0.06583990442767185
Atg16l1,0.07300418802616004,0.019084153385569458
Atg16l2,-0.2627045557442722,-0.005244540055450386
Atg9b,0.4609306918256535,0.288315016615035
Atic,-0.038947042562969436,0.008925884060552391
Atp1b1,0.02425927914176995,0.04569543040899582
Atp6v1h,-0.009912229645447468,0.04907727122000516
Avil,-0.9718301663555047,-0.15118095078891525
B3galt2,0.053103379915341975,-0.04418773283473154
B3gnt7,-0.07225661076585554,-0.09746942517837898
BC055324,-0.018182060822351964,0.10316030765631368
BC055402,-Inf,-Inf
Bard1,-0.2305159170958926,-0.17199986389411048
Basp1,0.12001064604106126,-0.06590448884139377
Bbs1,-0.23398482450419777,-0.01933573953282064
Bcas1,-0.5462093712299758,-0.21315491136735965
Bche,-0.4771156936968852,-0.22757759190843618
Bcl11a,-0.12516746859057015,0.034922733916197934
Bcl2,0.01624762710093197,0.09186524539421459
Bcs1l,-0.4425983505509512,-0.05994864414571133
Begain,0.31595617005347076,0.09592894729180301
Bend6,-0.029872858606797337,0.031599296149039446
Best1,0.5109477145820804,0.16455938119453295
Bfsp2,-1.1478741490424027,-0.38642351400531183
Bivm,-0.02969302626137882,0.033507274356406214
Bmp2,-0.19522061704254723,-0.15251873717211728
Boc,0.012214796197946853,0.025075808790308685
Boll,-0.15472972887602054,-Inf
Brinp2,-0.04418865523793425,-0.035584593040255186
Brinp3,-0.0048444701025269765,0.0480367684476688
Brsk2,0.2369700455561965,0.056901593057739674
Bst1,1.4870832587903369,0.41888777901225716
Btf3l4,0.28118887501952283,0.06714593459532292
Bves,0.00755142472567627,0.17933738011404365
Bzw1,-0.026557508837496968,-0.03325369797843436
C1qtnf2,0.18390960544401924,-0.15939193683384367
C2cd2,-0.2852575852659234,-0.0625669369118178
C3,0.566613037587933,0.17568220855014216
C4b,0.57011271499392,0.22375966727894792
C4bp-ps1,-0.20066451666260887,-0.1137242761387709
C77080,0.46582580741834434,0.15133964217231632
Cab39,0.02337882100105304,0.036495791975639236
Cacna1e,-0.7702509126695674,-0.24349291769049586
Cacna1s,-0.18875698290447396,-0.04870117074951397
Cacnb1,0.0647973920935705,0.04117861660821731
Calr,-0.5443309494590363,-0.04932615502050908
Camkk1,0.28428745479339135,0.09623193886905046
Camkk2,-0.3377461116308389,-0.09020122158849375
Camsap2,-0.008188833574429566,0.011391172470974098
Capg,0.6516277855520443,0.2166216879441727
Capn10,-0.03907396999064705,-0.00818537846155376
Car14,0.5392437860590773,0.02745955491060048
Car15,-0.5821159027328333,-0.05490215240295715
Car4,-0.6289963071568483,-0.045851315190308384
Cartpt,0.26242454457851494,-Inf
Casp1,-0.04015875650782075,0.18174814137004613
Casp12,0.10671853362192962,0.020217872850287755
Casp8,-0.08174860123457162,-0.10241141475796844
Cat,-0.28734211547607025,-0.08988299370020059
Catip,0.03747078919658087,-0.15865055423788732
Ccdc136,0.39898658859489444,0.07494453984212512
Ccdc149,0.31455519299363566,0.09974925488775899
Ccdc160,0.15226467495610763,0.015396295806231919
Ccdc167,-0.3186289618160538,-0.0512802123213012
Ccdc28a,-0.029554558914794526,0.12387564013119068
Ccdc28b,0.13811373846321473,-0.037271812588457465
Ccdc81,0.08241450296025832,0.18295074321574578
Ccdc93,-0.07310103114890065,-0.030285246234967644
Ccl27a,-0.3554943063850464,-0.004984953530256853
Ccm2l,0.012285135439778827,0.00199430594719896
Ccnl2,-0.16584402915962748,-0.02883578437780976
Ccnyl1,-0.027543340425738805,-0.04633997307807913
Cd180,-0.013914539487285271,0.10097303306425376
Cd28,0.09112410989597386,0.18368850429150108
Cd55,-0.15836850044576867,-0.11547251957498528
Cd70,-1.243433767569293,-0.36630796161787904
Cd99l2,-0.22995787064582807,0.044987939412871825
Cdc73,-0.07767087988611365,-0.0068183225315427975
Cdh19,-0.015279210250406905,0.10257161895899092
Cdh20,-0.09108942416002197,0.0030010524377015457
Cdh4,-0.31832742193307695,-0.11713190904291881
Cdh7,-0.0921452563783971,0.04633223380701956
Cdk15,0.00395571316133525,-0.1878887057215004
Cdk18,-0.02486443729400989,-0.018045222862948407
Cdyl,0.017096030854727218,-0.07284690884906464
Celf3,-0.10346825476799815,-0.009651930045765589
Cenpl,-0.05574457019625623,0.04632899773811694
Cep131,0.4802628982739323,0.14094803763786246
Cep350,-0.09076116069429929,-0.02868932879342978
Cfap221,-0.4460287254431541,-0.21627005561674384
Cfap57,-0.32362593485664304,-0.08118119680931413
Cfc1,-0.06777971137073091,0.5157684202804382
Cfhr2,NA,NA
Cflar,-0.008693071689957144,-0.0480583736234621
Cfp,-0.5430691669002687,-0.032189622856990674
Chil3,1.9989054572589002,0.8868189108997808
Chpf,-0.030109371832675258,0.020910428993195396
Chrac1,0.3722039986523136,0.14868968502451363
Chrm3,0.01331468954577364,-0.05595291797884272
Cirbp,1.0398920525304005,0.2906097875703484
Ciz1,-0.038990232014666226,0.035524392486222744
Clasp1,0.012305004549778786,0.003827051076664034
Clic4,-0.5233998926351227,-0.17771092830686186
Clip4,0.3098383502408595,0.10934575952444625
Clk1,0.01862372310794491,0.03256057396813006
Clpx,0.1300243690570504,0.056246914384813884
Clvs2,0.07171933226863292,0.09660442709957895
Cmpk2,0.27302716182073095,0.16988294702609696
Cmtm5,-0.6599080837654254,-0.16128241169021518
Cnga3,Inf,NA
Cngb1,0.17075970965747533,-0.13254623942585475
Cnksr3,-0.0352533300905602,-0.06242546118289205
Cnnm3,0.315410287380673,0.06788343951475007
Cnnm4,-0.045953635234833534,-0.08786999503427584
Cnot11,0.05148561499661408,0.018052301759989398
Cnp,-0.3914957319919097,-0.1850349405851972
Cnpy4,-0.3266631427599984,4.090188165299935e-4
Cntnap5a,-0.09497441460409473,-0.013956275170965426
Cntnap5b,0.05991741220629354,0.019248491570012405
Cog1,-0.17260679787809075,-0.017563958143969494
Col11a2,-0.5754826767553576,-0.16977586649330156
Col19a1,0.028745434728935315,-0.0065192705517524985
Col25a1,0.30993562927152585,0.07512864895533244
Col27a1,-0.6936130119141382,-0.040319733555655546
Col4a3,-0.021110202250634202,-0.18552778942100012
Col4a4,0.12128143856657303,-0.14963729999761632
Col4a5,-0.2627490380341442,-0.13316083908515353
Col5a3,0.6872025940458943,0.17597485638486
Col6a1,0.09147962021843448,-0.20282684184229627
Col6a2,-0.10321273911446127,-0.3851221089783001
Col6a3,-0.0588184366896467,-0.2506912562422672
Colgalt2,0.0075999437546423465,0.03795545868230299
Colq,-0.5969677216773679,-0.10334094312597575
Coq4,-0.3270671829715903,-0.061918757908505206
Cotl1,0.3593607575217881,0.07928178224944027
Cox5b,-0.018477934456203826,-0.007312870428352269
Cox7b2,-0.02640247207402613,0.14508973391415259
Cp,0.4526362415912786,0.1221614405140663
Cpa6,NA,NA
Cpsf4l,-1.6173464850742314,-0.3380271313714944
Crb1,-0.2687921104429156,-0.26027703922430145
Creg2,0.30073680727215013,0.233359891720899
Crhr1,-0.2456046016309852,-0.04742391933189971
Crip3,-1.3371984938495034,-0.05250141651890816
Cryab,-0.6031614234158429,-0.139143074452301
Cryga,NA,NA
Csf2ra,-0.5525004996287342,-0.06374445001054152
Csrnp3,0.04098921261212052,-0.008364271612745
Csrp1,-0.055915811994623255,0.030989079823717347
Ctns,-0.1559485719012894,-0.047577671840512537
Ctxn1,-0.01381018059269934,-0.16909660257738857
Ctxn2,0.09999290397540417,0.20282023361506862
Cul3,0.047206835479578046,0.016803090634420315
Cx3cl1,-0.11705563875830016,-0.012338816821919174
Cxcr2,Inf,Inf
Cyhr1,-0.16191761089309153,-0.03411945648496406
Cyp2d22,0.6281751002965983,0.21850533778068915
Cyp2j12,-0.5025373002010225,-0.2848056184764234
Cyp3a13,0.9027489488465843,0.28187345731217395
Cyp4f15,0.749132094407341,0.3616186359172264
Cyp4v3,0.32061978989131124,0.13073254778333077
Cyp51,-0.5886670163540755,-0.2819036842813354
D11Wsu47e,-0.20299854809938633,-0.10960694223939615
D2hgdh,-0.06338994643434592,0.06589076734161825
Dach2,-0.3226012818768096,-0.2638028751681878
Dact2,0.2582119356808281,0.185851137501718
Dars2,-0.051417731537002354,-0.01068072948316523
Daw1,-0.3618120300128891,-0.3330681841107208
Dbpht2,-0.26430309304774724,0.04481304720603685
Dcaf12,-0.2904687151666723,-0.09729297715544849
Dcaf12l2,-0.12968431829241522,-0.08903021797052268
Dcaf8,0.1379222667631943,0.08025694509278125
Dcakd,-0.38167079307200513,-0.11960955632057946
Dcdc2b,-0.5177920908313656,-0.019696080176366593
Dclk1,-0.3827438891508308,-0.11224166103125377
Dcst2,1.077916539948387,0.18674152382927955
Ddah1,-0.21075950533924726,-0.0612035905552375
Ddx18,-0.047700460795223165,0.0034223618009816548
Ddx25,0.2960502038833548,0.1095818758637419
Ddx39b,0.047823697618715855,-0.0104470859585728
Ddx3x,0.15182281974176526,0.03580490453183138
Ddx3y,Inf,NA
Deaf1,0.3923544770011027,0.07294884921684286
Dennd1b,0.07794280767020734,0.037865432489424755
Des,-0.030977765184866612,0.14843625298138274
Desi1,-0.3417815482600144,-0.10182996038964909
Dffb,0.23437710615988472,0.13446028277881172
Dgkb,-0.1564340185286346,0.05895894678904945
Dgkd,-0.05650502877847785,-0.03821293374686263
Dgkk,0.0890617622251666,-0.24617995419016303
Dhfr,0.03409319862212712,0.020517560091179554
Dhrs11,-0.007716440400324487,-0.0539158750097144
Dhx9,0.003712140414734222,0.036251618910156935
Dis3l2,0.02071263314678795,-0.004638105518047553
Dleu2,-0.7193713866337328,-0.07947052961440981
Dnah1,0.1043429426910496,-0.14120298675306753
Dnah7a,-0.08315614684515138,-0.12099979480852507
Dnah7b,-0.1320971301029168,-0.02592516930396105
Dnajb3,-0.014942675081345946,-0.09949118293819303
Dnase1l2,-1.1136941479016098,-0.21673569810904247
Dnd1,-0.8171250775721983,-0.05808734770921209
Dnm3,-0.045232131818034205,0.07882428674887088
Dnm3os,0.1980420515885557,-0.27136376384072625
Doc2a,0.2938928532281535,-0.1811163281194501
Dok3,-1.012049239908725,-0.07576640911261734
Dot1l,-0.013798366923374772,-0.005611431249072041
Dpf2,-0.12334926758122045,-0.01343847461990677
Dpt,0.4030541266298877,-Inf
Dpy19l1,-0.3827846588635797,-0.08869148359205159
Drd1,0.3506138323741115,0.09305106032633326
Drd4,0.8771691195625761,0.39375700382708834
Dsc3,0.17778059509723887,-0.18696427396025328
Dsel,-0.11539893401096624,-0.054717422185272646
Dtd2,0.21575329373381802,0.028505040138748328
Dtx4,-0.06063092219190391,0.012035983185258559
Dusp11,-0.2899486848956361,-0.05491145117790275
Dusp19,-0.5860124761996328,-0.11030678236494929
Dusp27,0.07884284365265648,0.05426199237584006
Dynll1,-0.5129487462314737,-0.12315959681972899
Dynlt1a,-0.5064055324730674,-0.06989901597519133
Dyrk3,0.024576355580708587,0.04144088029868431
Dytn,-Inf,0.2746530721670274
Dzank1,0.17759705896921751,0.08458361733416808
E2f6,-0.22843434804863172,-0.04962414526148695
E4f1,-0.054159105610205316,-0.0021887577201269437
Ebp,-0.4886021430897767,-0.0829851847015668
Ecel1,0.04792305910860861,0.08314977863655715
Echdc1,-0.379025597825434,-0.05437487672132235
Edem3,-0.02425859157892063,0.015640079313248734
Edn3,-0.5819793223398975,-0.21708691991890916
Ednrb,-0.4041704182337025,-0.17337302708196134
Eef1b2,0.020852498369022143,0.035276159882867475
Efhd1,-0.26878948783853573,-0.09730210809168938
Egfl6,-0.2834319050738534,0.15774759430496132
Egfl8,-0.6720122182385282,-0.15815926450427842
Eid2b,0.3403334669294482,0.12405724955676956
Eif2b3,0.22975326375788985,0.04297779738646135
Eif2s3x,0.07984841441603319,0.018590657326329918
Eif2s3y,NA,NA
Eif4b,0.28740353597212653,0.12289618970292082
Eif5b,0.04565959913589879,0.056581820944463956
Elfn1,-0.010719605436062984,-0.037504328799039754
Elfn2,0.04426004500944103,0.05089619260964451
Elovl1,-0.3340557893614733,-0.13889122859848424
Elovl5,-0.3167230705659154,-0.07424564066567108
Emc8,0.17979341822924688,0.021789946844645414
Emid1,-0.7110570859541596,-0.30209335724050757
Eml1,-0.27714978178041694,-0.10214265714588056
Eml2,0.4383754456953888,0.12495560650820359
Eml3,0.5028325557685012,0.11376584172943804
Emp2,-0.5616095725194441,-0.23834822832802427
Emx2,Inf,NA
En1,-0.12530845426739035,-0.4824358176607326
Enpp1,-0.5430874247125708,-0.2498908986027466
Enpp6,-0.8518531279458399,-0.42975418428908707
Eny2,0.28101221703896595,0.06882525532542694
Epc1,-0.002233898572461257,-0.012340646649779963
Epha4,-0.0019574593873006307,0.1340809228074269
Eps15,-0.2838856249895212,-0.07626282161619002
Eps8l1,0.011858093207909981,-0.006499837815138854
Erdr1,0.2200969788284617,0.5208570654621916
Erich3,0.07697213269228076,0.18683899334096488
Ermn,-0.6444283481485327,-0.10086578308366967
Erp44,-0.25922309619081574,-0.06296354147646976
Errfi1,0.04840890011520216,-0.03982059950236305
Etnppl,0.6064039856137864,0.3920706938936931
Etv4,-0.7948710312838765,-0.26693588676581115
Evpl,0.3870435294305823,0.36261533425675285
Exd2,-0.511636426313145,-0.02115911505439083
Eya1,0.04160141946420737,-0.049232615856922735
F3,0.20412896230622923,-0.04976056044130761
F5,0.13219802957139137,-0.2980074361358884
Fa2h,-0.5972748480716312,-0.23510892062787292
Fabp7,-1.5158201039839057,-0.5923118994703502
Fads1,-0.3719451037119974,-0.11082935129293325
Fam117b,0.040355603069567536,0.01971409368644217
Fam124b,NA,Inf
Fam131a,-0.1332105656447613,-0.07945433830431625
Fam131b,0.28445856746797915,0.07988612127263295
Fam135a,0.05669014263506256,-0.02120837592057434
Fam163a,-0.014195152330372274,0.1788325858301656
Fam168b,-0.032183590537520956,0.008425707985596276
Fam174a,0.017815770094999905,0.0322372881375248
Fam193b,-0.3547249171050124,-0.027935594374506323
Fam20b,0.011236293576237344,0.04104095402135499
Fam43b,0.028650140056499573,0.06998902025213916
Fam53b,-0.09449522548609757,-0.06641569560425253
Fam78b,-0.279003889260915,-0.09647308735911331
Farp2,0.004902999559659449,0.026126561574535856
Fasl,-0.10620841723992713,0.05877788962952479
Fbll1,-0.04310557906587853,0.09561476631417243
Fbln5,1.2074841832435297,0.18741312815718736
Fbxl22,-1.9761104277170474,-0.5830947861309843
Fbxo31,0.3143446522839266,0.051033713248341606
Fbxo36,0.050431067590311685,-0.021790094957029105
Fcamr,NA,NA
Fcrls,-1.369834369874341,-0.2632922691829789
Fen1,0.3070161364648225,0.13710117094230334
Fer1l5,-Inf,-0.276278248682193
Fev,Inf,Inf
Fgf22,0.7138817481102819,0.2727382731612744
Fgfbp1,1.0196831523153032,0.00565110375826805
Fgfr1,0.04376992514343314,0.016488506290681215
Fgfr3,0.29315330485361457,0.13608115840165347
Fhl2,0.15459834681840157,-0.18486632622204358
Fibcd1,0.13470263838556118,-0.2381887119221533
Fkbp1b,-0.07664217617570923,0.012075708032988963
Flywch1,0.2095666929760185,0.11650431714048892
Fmnl3,0.3135922578464321,0.06912080502345219
Fmo2,0.2580328012336066,0.050785810902237216
Fn1,-0.10860488754708619,-0.11893476042814477
Fn3k,-0.3089945748761389,0.020779095638147282
Folh1,0.4932479534576055,0.32808425150551734
Foxj2,-0.06104127252223179,-0.036379905230892184
Foxl2os,-0.15067224366177134,-0.10659293176276963
Fzd4,-0.06605060800289753,-0.13831161335448172
Fzd7,0.05839802292773921,0.09708281898023952
Gaa,0.1086678733330615,0.07423526450034856
Gabpb1,0.10825878631363839,0.030105631554603107
Gabra3,0.15052741353726162,0.08006262601505298
Gabrd,-0.03488635885080882,0.026499037652170543
Gabrr1,1.0695674276001699,0.38301925429729833
Gabrr2,0.841393994075716,0.33172114716486334
Gak,0.06879642353279714,-0.011249903535691885
Gal3st1,-0.6796018824588659,-0.2843289577645054
Galnt7,-0.014112341405047246,0.015990084625054912
Gata3,0.34609630606829267,-Inf
Gatm,-0.4204317533469446,-0.0630170151867766
Gbp4,1.6463731537016066,0.2529174083380381
Gbp6,0.6660959921124467,0.3896953835308432
Gbx2,-Inf,-Inf
Gdap1,-0.040402662567942116,0.041957033554421486
Get4,0.27646349766518963,0.06832538606703586
Ggact,0.3662290458379873,0.14869385762464393
Ggcx,-0.33669160890424976,-0.08890618972671138
Gin1,0.06122688886267813,0.08736734715791705
Gipr,1.0240155588266289,0.2562784222535721
Gja5,-0.7784633316119631,-0.2583170345088992
Gjb1,-0.5308596895945543,-0.12467502780567319
Gjc2,-1.0583430310709643,-0.2958882201344277
Gkn3,-1.8414181178856417,-0.6291290877276197
Glb1l,0.019766132489277943,-0.023420295565628635
Glra2,0.13880212280392978,-0.009655999433720197
Glra3,0.21806947445704505,-0.17053029794248253
Glrp1,NA,NA
Glrx2,-0.0384425745819863,-0.009457845939735421
Gls,-0.027837896381088356,0.02694845567104487
Glt8d1,-0.3214945780679521,-0.022091392304966817
Gltp,-0.45473759139383496,-0.19143337524827242
Glul,0.42467132708406474,0.1328344817941236
Glyr1,0.14080302546031653,0.05366606381105221
Gm10193,NA,NA
Gm10432,0.28794461884216993,0.193777720943916
Gm10566,0.2050120750413318,-Inf
Gm10654,1.024762678460938,0.12386194271302742
Gm11581,-Inf,-Inf
Gm11605,-Inf,-0.03267944269148004
Gm11627,0.27622709495246767,-0.35409517565041027
Gm13562,-1.2993406840427002,-0.3818407353458584
Gm13748,0.03269165320412104,0.13281046221260828
Gm14827,-0.6029673297114355,-0.0051840714422120016
Gm15423,0.6670662603881317,0.23949942745730457
Gm15433,NA,NA
Gm15455,0.14635775950205532,0.21949161592520783
Gm15793,NA,NA
Gm15825,Inf,NA
Gm15850,NA,NA
Gm16070,0.4030541266298875,-Inf
Gm16083,-0.11456275735992394,-0.026299393528187665
Gm16103,NA,NA
Gm16150,0.29215989962112277,-Inf
Gm16152,-Inf,-0.0822447855740922
Gm16418,-0.3165105308577736,0.013553119713530126
Gm16425,-0.137172852258427,-0.1546332664865404
Gm16701,-0.05418267469752358,-0.016743650120083053
Gm16835,0.5430081079900315,0.11397729727572603
Gm16894,-0.019692381377208523,-0.22081669719381214
Gm17767,NA,NA
Gm19582,-0.02417207414431477,0.0035477100520635574
Gm19637,NA,NA
Gm19705,0.15648583935501792,0.304923298807354
Gm1976,0.3305174419578476,0.04127025283018426
Gm2000,0.1290281907413786,0.047972138179956936
Gm20172,NA,Inf
Gm20501,0.6732815414338287,0.2534464899689963
Gm20627,-1.2285704906876984,-0.07157993989678646
Gm20743,-0.07444720791828274,-0.030228421380828152
Gm20751,1.0440763059481482,0.1925348335944932
Gm20753,Inf,Inf
Gm2147,-Inf,-Inf
Gm2223,0.28219110872617126,0.11000702973284726
Gm26685,-Inf,-Inf
Gm26901,-0.21486819953946767,-0.2645169190811455
Gm27252,0.9486500543196952,0.2852412427876594
Gm28154,0.14874646818187998,0.24936254950844639
Gm28175,0.0736715625898805,0.006882351569887479
Gm28178,NA,NA
Gm28209,-Inf,0.07333512646822604
Gm2824,0.14959893757590903,-0.15055512155732043
Gm28609,-0.10887715029241374,0.13252575878077066
Gm28800,NA,Inf
Gm29183,Inf,Inf
Gm29214,-Inf,-Inf
Gm29257,0.19221033808566235,-Inf
Gm29428,NA,NA
Gm29485,-Inf,-Inf
Gm29538,-0.3373465132881397,-Inf
Gm29539,NA,NA
Gm29695,-0.1245219461138598,-0.14019627668018675
Gm29797,-1.412586335460594,-0.03008329162443868
Gm31135,-1.252975386569048,-0.5130217255806051
Gm31256,NA,NA
Gm32999,Inf,Inf
Gm33222,0.32787650554865744,0.29988977091098423
Gm33489,-0.956837378443244,-0.06383510645362911
Gm33533,0.14772482393293407,-0.31594237031038563
Gm35315,0.4491691929145678,0.20598478602656156
Gm35339,-0.4353145563335339,0.036712186886285636
Gm3551,NA,NA
Gm36527,-Inf,0.01620397582857469
Gm3764,0.16584376081194563,0.05334648188687652
Gm4017,-0.12097774896843738,0.01358961854073204
Gm4208,NA,NA
Gm4852,0.14451441595406855,0.4060820073228697
Gm4953,Inf,NA
Gm4988,0.3077888785986431,0.1551213874488715
Gm5256,NA,NA
Gm5415,NA,NA
Gm5468,0.6017325139826406,0.2225208947480477
Gm5523,-Inf,-Inf
Gm5525,-0.07432497053340192,-0.010055010792615171
Gm5526,-0.197206627319638,-0.09871348979150163
Gm5529,-0.04137766677994836,-0.13771543460421665
Gm5532,-0.10485273929717165,0.021701150756998855
Gm5830,-0.037280669159009516,-0.10632471051440273
Gm5835,0.05453723278485434,0.04442904251087931
Gm5837,-0.0769995001046695,-0.07652743880433532
Gm6028,NA,NA
Gm6104,Inf,NA
Gm6136,0.13758264661790687,0.06679010720369627
Gm6170,-0.15049779230622873,0.12335613884882246
Gm6177,NA,NA
Gm6187,NA,NA
Gm6277,-0.7022129001273871,-0.20592473761233077
Gm6430,Inf,Inf
Gm6644,NA,Inf
Gm6822,-0.11112691557357657,-0.07889632483342979
Gm7160,-0.02831957315712197,-0.2007963419549177
Gm7241,NA,NA
Gm7266,0.6740712673278707,0.6219954638836122
Gm7357,Inf,NA
Gm7658,0.19483164360969019,0.3118993421209013
Gm7761,-0.050629256486313334,0.25540521824508566
Gm7846,0.3057275800055317,0.3002524207676993
Gm7895,-0.0635919417037627,0.061087114483288296
Gm8013,-0.30628286611677225,-0.3248522874983344
Gm8141,-0.3517213217852664,0.11563559947105784
Gm8173,NA,NA
Gm8292,0.10538352791322092,-0.02253553117665641
Gm8337,-0.36138360902205147,-0.04355486009528997
Gm8451,0.03467610749180183,0.051111495758925596
Gm8493,-1.2533606292835104,-0.13252951641335553
Gm8615,-1.4273116635705625,-0.19171159725703113
Gm8618,NA,NA
Gm9530,-0.17306436615792853,0.12400760082837659
Gm9899,-0.23753823914722183,-0.037001682504370415
Gm9925,0.6827288853815636,0.2730334367550702
Gm9962,0.2975033154596063,0.16890171211160165
Gmnn,0.1500328945343048,0.10527195865895678
Gna12,-0.314501949380376,-0.13594055452544485
Gnb4,-0.6805038143114244,-0.19214635095681842
Gnmt,0.6978726800201889,0.1300917315036214
Gpatch8,0.0026800048973303348,0.00972568851563338
Gpld1,0.25178893996728924,0.13654464793111654
Gpr1,-Inf,-0.1272105350222712
Gpr137b,-0.33565239446418005,-0.09756423306051865
Gpr146,0.45095799404421655,0.12615317486050426
Gpr149,0.5385256102224614,0.15568487254411156
Gpr17,-1.146732649417955,-0.5027571426891377
Gpr179,0.7412521185754528,0.2296690800522594
Gpr35,-0.055655112263447215,0.004639594570653216
Gpr37,-0.41246612319893394,-0.12211511097792105
Gpr39,NA,NA
Gpr4,-0.08343767547338565,-0.08194605076494277
Gpr45,0.10872950436952689,0.01858533050547262
Gpr55,Inf,NA
Gpr61,0.0067167926257285515,-0.013762672799578546
Gpr83,0.22274412003455613,0.030725461441637236
Gpr89,-0.3807232825065556,-0.029633956193606537
Gprc5c,-0.09936179522494548,-0.13093528767623042
Gpx3,1.305015768873126,0.4212057104393514
Grem2,0.2182519668338445,0.027705103340361248
Gria4,-0.34739614558413834,-0.0866526345213181
Grid1,0.062206600435620096,0.0227798064034479
Grm4,-0.6031622984636265,-0.16039995733202517
Grm7,-0.2778699108860625,0.03542871155149019
Gstm1,0.3526962439152683,0.12030506802606311
Gtf3c3,0.052063504566939756,0.04305733632670883
Gtpbp2,-0.11953196649982711,0.01694820121250107
Gulp1,0.06502969549968185,-0.11562456799313736
H2-K1,0.49222313695734954,0.0887094435743414
H2-Q2,0.6525999455248752,-0.3338333852547848
H2-Q4,0.8760637303580046,0.026152717050827334
H2-Q6,1.0476184191636784,0.21550584838986797
H2-T24,0.08781273924373956,0.490097485696233
Hap1,0.12156475017722368,0.06801481911484597
Hcfc2,-0.0688595754572372,-4.702616799541204e-4
Hdac4,0.02774870377161065,0.04690687481275546
Hdlbp,-0.04221842787511143,0.01390337538472508
Hebp1,-0.4684511801624005,-0.14815752485807643
Herpud1,0.008229079889439106,-0.038287602514307295
Hexa,-0.4116508317672434,-0.0674511617544793
Hexim2,0.45642357141347834,0.10983399338504451
Heyl,0.010794583239285949,0.011948148594295382
Hgsnat,0.19858043643816892,0.08224096140401027
Hhex,-0.027966775764465712,0.10004367280802784
Hkdc1,0.781833705092132,0.11968458668531934
Hmbs,-0.040907330938614095,0.002690294378520086
Hmgb3,0.16172761098757782,-0.00494422183691956
Hmgcs1,-0.518673047015664,-0.277244318783854
Hnrnpc,-0.3180238193278484,-0.025098386186073185
Hoga1,-0.020004772366410073,-0.03474729145570077
Hopx,-0.6246757187083123,-0.2036121748431583
Hps4,-0.3568496826654348,-0.09294707436779692
Hrh2,-0.08299243632808384,0.054532363423208
Hs3st4,0.34932114909110634,-0.06607887471256824
Hsd3b7,-0.43138900504211897,-0.07113612037380879
Hsf1,-0.29341947478646624,-9.482173163206653e-4
Hsf4,0.37548824702439454,0.21150352909309778
Hspd1,-0.2251012573411515,-0.045694048907018114
Hsph1,-0.6514741198510912,-0.07565839262636409
Htr2b,NA,NA
Htr5b,0.12472423666662724,0.016273118411416654
Htr7,0.19058895543948928,0.08250717914515437
Hykk,-0.1725421255591817,-0.07774725559449713
Icos,NA,NA
Icosl,0.7943394124473766,0.20751907660868874
Idh2,0.4268468225145554,0.08284729189780826
Idi1,-0.6051195954398612,-0.282055097468052
Ido2,0.6287678962393086,0.03684851874805406
Ier3,0.2798075938725004,0.1729392866008066
Ier5,0.36976906186643443,0.19998958932736244
Ift22,-0.37675631992896097,-0.0495975418519361
Igbp1,0.3034125501627196,0.11526803226129978
Igdcc4,-0.45211555096438527,-0.10087524308036944
Igfbp2,-5.086592050984606e-4,-0.12497129715319577
Ighm,0.3583278032903916,0.15894499489231695
Igsf9,-0.15311443303106476,-0.08176765623464188
Igtp,0.7670919090154245,0.36435511178615876
Ihh,0.1254385027219942,0.42780550959254704
Iigp1,1.0067996311170226,0.33915193588311787
Ikbke,0.09776697384664335,-0.06352948834854644
Il12rb1,0.9326435647120035,-7.973612855338708e-4
Il16,-0.09664623318009902,-0.01226559882949907
Il17f,Inf,NA
Il18bp,-0.2298134061603987,-0.004453308384397836
Il18r1,NA,NA
Il1rl1,-0.019552926906852175,-0.41205546839797536
Il1rl2,0.04449648093694014,-0.11214762654645938
Impact,0.16635611786087523,0.08361997535489962
Impg1,-0.0035390153378518363,0.054884586579686534
Ing5,0.3464076322943148,0.15265120966219925
Inhbb,-0.03333606506917253,0.13917552431985225
Inpp1,-0.029116125181998243,0.0104885566351971
Inpp5b,-0.02571559961272385,0.04030121087236793
Inpp5d,0.035234530964389776,0.0010759825976665027
Inpp5j,0.0010876852711128038,0.004474846989907633
Inpp5k,0.25440053146689845,0.10818779692714298
Insig2,0.028432659802920313,0.014105387571990313
Insm1,0.011967625959407702,-0.061337799750230904
Ipo9,0.4033178115985372,0.05180531913208419
Iqca,-0.15978402074144382,-0.11677425879263437
Iqcc,-0.018936110438978027,0.06660929369814284
Iqck,0.5075478479052729,0.08782346284516152
Irf2bp2,-0.24510704261711513,-0.05721361279397552
Irgm1,0.6615741698948714,0.4059124126259306
Irs4,0.41467665532159526,-Inf
Itga10,-0.2508342072433205,-0.13423612825056974
Itgb1bp2,0.0034793023182801974,-0.005712262047679495
Itgb3,-0.7729024403340912,-0.3395077219290723
Itgb4,-0.4719826011538606,-0.1719225272278173
Itih3,0.8034699611086884,0.4526339103008885
Itm2a,-0.5309627058150097,-0.2446435099184665
Jade2,0.3922850618952838,0.14642277552294747
Jakmip1,0.08764468913610912,-0.013319227403777667
Jam2,-0.36220776282737255,-0.07795865963411863
Josd2,-0.44557621414745174,-0.04064085601316947
Jph1,-0.04018529406272542,-0.01636988466653211
Jpx,0.1358642631081084,-0.02361382181285432
Jun,-0.17528931390190383,0.07443762393336684
Kansl1l,-0.03141556538153978,-0.009983411550367194
Kansl3,-0.029121924782291586,-0.0014616259223423356
Kat2b,0.3215452884969707,0.09367578133976728
Kazald1,0.6131227306673459,0.3454247900875158
Kcna4,0.059712618328444655,0.12437177426056145
Kcnab3,0.3889261519038474,0.08761274590819834
Kcne4,0.07998993920500119,-0.0017387769967833755
Kcnj13,-0.31639926834653753,-0.43316780622873896
Kcnj16,0.015597246432903056,0.06464803962900234
Kcnj3,-0.11662011164739106,0.03224814482707039
Kcnk13,-0.6412835228398865,-0.1998972895432347
Kcnq5,0.08541495163973689,-0.05763592400669992
Kcnt2,-0.02582165326331687,-0.16414535633347338
Kctd2,0.3201596553283519,0.1381775279060964
Kctd20,-0.24101960778834286,-0.09274571793336417
Kctd21,-0.553902067260112,-0.06383114097540865
Kctd4,-0.3896027117454528,-0.07175007763851049
Kdm4b,0.11820365557745571,-0.001376497421840206
Kdm5b,-0.0794345199065205,-0.011826442591960529
Kdm5c,-0.22837750228485554,-0.06496893332498743
Kdm5d,NA,NA
Kdm6a,0.04335104485774899,0.007208576758476859
Keap1,0.20192412184009356,0.09217331005790008
Khdrbs2,-0.08358681274498014,-0.010054172787824278
Kif14,-0.16083778144539007,-0.006665627816046182
Kif21b,-0.0032977548699832937,-0.09231134419440679
Kif5a,-0.08397034884522192,0.04102487943901778
Kirrel,0.06779922965133434,-0.08089647879647899
Klf15,0.3658985917073192,0.011401001565984004
Klhdc8a,-0.02730693363636494,0.03986660713357626
Klhdc9,0.7803216065145655,0.22495495355934203
Klhl1,-0.1261291896316834,0.057373339696781045
Klhl30,0.0638980861373577,-0.37035949215028663
Klk6,-1.1692852017992745,-0.2783178209622861
Lad1,0.21612403902527344,0.19384813345614615
Lamc2,0.0658290847497458,0.07087326467258226
Lax1,-0.031877650187744244,-0.02177592765204084
Lcat,-0.7312476498851073,-0.18843932289562648
Lclat1,-0.12766267196229641,-0.013262137598786694
Lct,-0.3433457475789976,-0.25097038774379365
Ldlr,-0.024382114684452283,-0.04636741087140628
Ldoc1,-0.10846941165000956,0.1961389297734284
Lemd1,0.2172840885276659,0.10564033269814699
Lgals3,0.6858502667586421,0.09383340842170629
Lgr6,-0.10517920262375391,0.019833926613729957
Lhx4,NA,NA
Lhx9,0.12605920978195773,-0.5562898251797233
Lias,0.2268168190078761,0.1131385142821335
Lig1,0.3637660857343459,0.13105913121379587
Lime1,-0.4660893578475971,-0.044980323123454014
Lims2,-0.33026153684779835,-0.21518745599114286
Lipt1,0.10324463448362486,0.13797211232167683
Lix1,-0.5860460911276499,-0.15193562525894855
Llgl1,-0.10927902526154387,-0.06333000297707692
Lman2,-0.28444746913849883,-0.02369083281433504
Lman2l,-0.5151083947596309,-0.08251985076412893
Lmbr1l,-0.008539720764066061,0.02045861991662523
Lmbrd1,0.03802361151746503,0.011145037109889344
Lmo3,0.2758541640271801,0.07720227264284141
Lmx1a,0.2759836603706134,-0.15051420373649815
Lor,0.35568010476523826,-0.2376391749657234
Lpar1,-0.5264692381492102,-0.20148691395074092
Lrch3,-0.2387771474947673,-0.04203154997771641
Lrrc1,-0.030004369038533873,0.044086265300180116
Lrrc29,0.7387031772825967,0.21951251209167832
Lrrc52,-0.2617973519640444,-0.23703129976162773
Lrrc8a,0.34403017818746306,0.07376627669759372
Lrrn2,0.04252192860659676,0.05905829685434405
Lrrn4,Inf,Inf
Lrrtm1,0.03285358823563023,0.036203438892030704
Ltbp2,0.3496748397543561,0.22623083429598356
Ltf,0.06612625778349157,0.3767546424389434
Lum,-0.7956720699827464,-0.26658095041460417
Lxn,-0.6638560658418493,-0.1704291119084358
Ly96,-0.04600946294971564,-0.07168935993372472
Lyg2,-0.24500608550344283,-0.1539825783670472
Lypd6,0.31294463809069484,-0.01890656897596088
Lypd6b,0.4408652661986636,0.03714564842677692
Lypla1,-0.055920184154801156,-0.0025184594654410475
Mael,Inf,NA
Mag,-0.6197114713631411,-0.2493474275497416
Magee2,-0.15933408941186844,-0.10631753024536206
Magel2,0.465848277980935,-0.04339437939735502
Mal2,-0.008499145143675335,-0.07925870166760696
Mamdc4,-0.6955457986480917,-0.1513557077793708
Map2,-0.07752231726057524,0.012034090372672779
Map6d1,-0.3934762942592762,-0.05407149033567382
Mapk7,0.004201889779987589,0.025555202502997254
Marcks,-0.3790356688391032,-0.1520613623613496
Marcksl1,-0.7521070195707837,-0.35116899819861835
Mark3,-0.07509957788352217,-0.04008267436809909
Mau2,0.04269092579209399,-0.015885621307321074
Mcmdc2,-0.03570899646620562,0.08996058120407557
Mdfi,-0.4896558556941333,-0.11056746262004591
Mdh1b,-0.3074864822639958,0.011630776646029517
Mdk,-0.45332389134786943,-0.060939963677880016
Mettl11b,-0.08980123706033916,0.22599795845180082
Mettl16,-0.48618238342939346,-0.08799727531585155
Mettl17,-0.03405466780564037,-0.007409735361258107
Mex3a,-0.5191948243370206,-0.09676252694107923
Mff,-0.011307254720543725,0.024799672537021422
Mfge8,-0.6654377449728317,-0.14964634539778032
Mfsd9,0.008148273558411745,-0.013730564275883594
Mgat5,-0.07452868476679342,0.0016905067152510611
Mgst3,-0.07064940940326725,0.012581303063232241
Mib2,-0.09724757713749277,0.024354188315900416
Mid1,-0.3739619908753413,-0.07196588765083067
Mif-ps1,NA,NA
Mir128-1,0.6446045986184032,-Inf
Mir133b,-0.12104255148388621,0.07138915051550776
Mir149,NA,NA
Mir1901,-0.7381169067676745,-0.3417407784430293
Mir30c-2,-0.127428816540351,-0.24283464097218532
Mir378a,0.26521924353868576,-0.001289676117163241
Mir7682,Inf,NA
Mkks,-0.35576671925993164,-0.04871895043879437
Mmaa,-0.2676468199773234,-0.042559604514273985
Mmab,0.16751935618811054,0.02975410946213941
Mn1,0.2675282139842361,-0.04476767475834453
Mndal,-0.31697591672989667,-0.10412943979906863
Mog,-0.6820503239652336,-0.3387593317137618
Mogat1,-0.3952701001607346,0.087305790414403
Morc2b,-0.364948302976674,-0.02745126663063413
Morn2,-0.461861488873871,-0.05984932804309828
Moxd1,-0.5521489269699833,-0.3147541448336515
Mpo,Inf,Inf
Mpped1,0.09212763599316354,0.06120759589085001
Mrgpre,0.1772678849196705,0.09110234514323778
Mroh1,0.330897614969599,0.07840587597740978
Mroh2a,-0.21458595047006668,-0.003450773641012539
Mrpl15,-0.06153450212121481,-0.004745162387862933
Mrpl24,-0.2834236784863373,-0.01367021858959383
Mrpl30,-0.01587413408746574,0.04680966288795396
Mrpl35,-0.34580870752375503,-0.007625900865352975
Mrpl44,-0.006723909960724583,0.054419404721920195
Mrps9,0.039160577730338986,0.03162576242037307
Mrrf,-0.37382870707301663,-0.022745478198290314
Msantd1,-0.8462152692677885,-0.2071663359886431
Msc,-0.2704291977931703,0.0030797745736563797
Msln,0.45930658134657687,-0.09587372457774013
Msmo1,-0.5250027872819327,-0.20092440635707742
Msn,-0.23146604581900387,-0.06145535631244492
Mstn,-0.23065829495308376,0.08654732987395963
Mt1,0.6267184292884753,0.26658913485180236
Mthfd2l,0.1742207658595838,0.08714550247960595
Mtmr7,0.21670683696632587,0.12403754696876224
Mybpc1,-0.05879456180535314,0.082982078848298
Mybph,0.30034088078836696,0.05689425705794804
Myh11,-0.06252240861287017,0.0677170154009632
Myh15,-0.5497481564842115,-0.014419788959778135
Myo1b,-0.0025480214257136424,0.014947199381352583
Myo1d,-0.45556697968785276,-0.16514553929987574
Myoc,-0.3699942471486031,-0.33815121978172513
Myog,NA,NA
Nabp1,-0.08166406344463883,0.041333456456226436
Nadk,-0.1265799769640461,-0.017060964829833658
Nap1l5,0.1602363068372359,0.0647000495885024
Nbeal1,-0.1888077895129019,-0.056303186902930236
Nbl1,0.6374495883856,0.11533474459979587
Ncf2,0.03265306456066419,0.08486222602037952
Nck2,-0.05860110082465564,-0.025993568719833604
Ncmap,1.1234644725083545,0.28319540287345735
Ncoa2,0.02703270027251925,0.021129595898583986
Ndufa10,-0.05691582640960746,0.01720033318469838
Ndufs1,0.027004618574604677,0.019793048100158472
Neto1,0.10102512204750091,0.15085861065758888
Nfkbia,0.12732873193885474,-0.07200612184892385
Nfya,-0.4112888401367236,-0.06460400981242032
Ngb,0.3882810106179484,-0.16484525202683775
Ngef,-0.1584365831682728,-0.14313387779102982
Ngp,0.37991294157975863,0.6651844154852831
Nid1,-0.7493745010565362,-0.3673136876715857
Nif3l1,-0.03596226900586519,0.012101845856767213
Nifk,-0.027751180644386864,0.00483040984769989
Nme7,-0.053458837244138024,-0.010233096095301875
Nmnat2,-0.024571050255675075,0.014556612137742064
Nmnat3,0.3539782699096028,0.24254193957769754
Nmur1,0.15282988022378463,-0.028062709734117952
Noc2l,-0.06115414145989817,0.016386581852763094
Nol3,-0.05755994735832637,0.014997993176646851
Nop14,0.22719818537613268,0.061257472833611715
Noxred1,-1.1066256494915243,-0.13518557115208374
Npas1,0.34834094773615787,0.34382293070045744
Npas2,0.5259935835982033,0.2594637582945971
Npbwr1,0.6608270675986896,0.29927012197105807
Npffr1,0.2098697288807596,-0.02593552553621592
Nphs2,-0.5137385794299525,-0.6946831277743564
Npsr1,Inf,Inf
Nptx2,0.19061909051345172,-0.17230892766585537
Nqo1,0.47585510157623556,0.13101083972601923
Nr2e1,Inf,NA
Nr2f1,0.049176292651393005,0.039200951466130896
Nr5a2,NA,NA
Nras,-0.4077645929226339,-0.18614662233307655
Nrep,-0.5343797183295429,-0.17311999791488475
Nrp2,-0.024387134129030485,0.03559407067224818
Nrsn2,0.22115009231230776,0.09607259372059751
Nsun3,0.4064599866179348,0.09698152440117003
Nsun5,0.006375549498568667,0.014497948208604505
Ntf3,-1.0908083465663383,-0.31809552778427985
Nucb2,0.3962500319774511,0.14740176157579832
Nudt5,-0.4643333996593215,-0.06975847653889122
Nudt9,0.2519855339496724,0.15466122534339632
Nuf2,-0.7045296056519694,-0.2773316122744278
Nyap2,0.022832744030774954,0.09018828126066847
Obsl1,-0.0511135270991252,-0.07456768092449018
Ogdhl,0.24597405170182363,0.14929312547793572
Ogfrl1,0.03432124295141037,0.06575007167237779
Olfr1033,-0.0466188247968331,-0.4552096562537482
Omd,0.6812570821093775,-0.02381658964000355
Oprk1,0.07621125448040189,0.0966382109897932
Oprm1,0.17592741747735197,0.06270685521007557
Optc,0.24291999800792308,-0.2107071074091711
Ormdl3,0.3392510572537395,0.07753549693634376
Otoa,0.7048479139648993,0.1432064756463003
Otof,-0.33445918877147296,0.002319522014162523
Otp,-Inf,-Inf
Ovgp1,0.7671650733654305,0.1934754432360677
Oxct1,-0.3673254440633684,-0.07581360818652172
Oxtr,-0.026466376113839285,0.012319256512641097
Pabpc4,-0.2566611615210146,-0.0638159275766057
Padi2,-0.60340866359281,-0.2781616536737799
Paip2b,0.1788667863840132,0.11782550395684233
Pam,0.07917651901821454,0.026667560171561355
Pan3,0.11120805732450556,0.05246824712340015
Panct2,-0.2164882721842849,-0.026171347672037548
Pank4,0.04747819826149957,0.07343269906329652
Pantr1,-0.03895290332356449,0.03532401518992412
Pantr2,-0.06204623753832106,0.06810305853757548
Pappa2,-0.2952197338348468,-0.09659777987675988
Paqr8,0.012792788409424105,0.007865393163301704
Parp3,0.40786236142693966,0.13174522337168248
Pask,-0.06421563620784898,-0.03668237446939937
Pax3,-0.024847332278956635,-0.0695791158043173
Pax7,-Inf,-Inf
Paxip1,-0.009186706052983773,-0.03185562107761797
Pbdc1,-0.2415595397437329,-0.014188007351692455
Pbx1,0.04301027486966014,0.02417102185113329
Pcbd1,0.01879635627360443,0.024075187958091604
Pcdh10,0.023521234503075306,0.0163607391405165
Pcdh17,-0.07700758350884129,0.016687007922755015
Pcdh18,-0.09543716583985162,0.06418222228806325
Pcdh19,0.08383923822655515,0.0038786391067135995
Pcdh8,0.16046357256794952,0.05983519042850194
Pcdha10,-0.3338495462803075,-0.11618100964340261
Pcdhb8,-0.07452400661585834,0.09995845050996088
Pcdhga1,0.08198558029139313,-0.03261327555732141
Pcgf6,-0.18681963918958822,-0.01626825477049998
Pcif1,0.2985985657866017,0.05468967110222245
Pcyox1l,-0.36794738773159086,-0.09591194099491229
Pdcd1,NA,Inf
Pdcd2l,0.08666401438204474,0.027496733261148876
Pdcl3,-0.0013219909117641038,0.018286172461563055
Pde11a,0.19939845429385938,-0.14541165501654696
Pde1b,0.26570451493066294,0.06753617407098123
Pde8b,0.01198634967335277,0.1266854840053604
Pdzrn4,0.15297236891826493,0.08255583321153814
Penk,0.27658114351756957,0.11229432125706396
Per2,-0.3775057598316156,-0.15693338883522046
Pex6,-0.29949254860628916,-0.0019160374171081074
Pgap1,-0.06869719854774914,0.008736302888021186
Pgm2,0.24731483266537602,0.1335507517633321
Pgpep1l,0.06027927631231078,-0.20730386230840558
Pgr15l,-Inf,-Inf
Phf3,-0.024006286689182588,0.014226521944076254
Phf7,0.6547753584930307,0.1860344590897487
Phkg1,-0.43537946872552347,-0.11028595520095674
Phkg2,0.04312092476487006,0.010491017592433316
Phlda3,-0.19366239820685216,-0.029197397130819702
Phyhd1,0.7141421958639746,0.3510327681429031
Pi15,-0.07393612792886062,-0.16684897579410585
Piga,-0.43498347540432647,-0.1526029525717547
Pign,-0.04903112539082333,-0.02533588702037637
Pigq,-0.27769923774974714,-0.045443586213483655
Pigs,-0.32214102565749236,-0.0666997642672369
Pikfyve,0.0074687545373963715,0.024476518847190043
Pim2,-0.23814205601552807,-0.05304661753224327
Pink1,0.4043259010929887,0.10442526402476737
Pithd1,0.2662661793625478,0.12029218788535712
Pkhd1,NA,NA
Pkn1,0.005972263112295373,0.01744561993655047
Pkp1,-0.15694461266687287,-Inf
Pkp4,-0.24305899469221082,-0.06285192469233536
Pla2g3,1.1206726635850348,0.3684977859862286
Pla2g4e,1.2586822587912856,0.26665256322939346
Plch2,-0.3119567524076583,-0.03492583120773496
Plcl1,0.05867295584352128,0.08220117375288805
Plcl2,-0.10209860582995578,-0.02610378583140971
Plcxd1,0.2850194506265904,0.01940861872800248
Pld3,0.08581732525746055,0.0854642624810742
Plekha6,0.05060507447111284,0.06342880772616688
Plekhg2,-0.11816454774659668,-0.17492950684764175
Plekhh3,0.04904569192087571,0.01731179561937779
Plekhm1,-0.13364621831830448,-0.056485666944618984
Plekhm3,0.028602657115813557,0.06849518568848811
Plin4,1.5373411299292972,0.7740250646356825
Pllp,-0.6525786051091398,-0.31927653581744675
Plod1,-0.43405625653060653,-0.16871463548493715
Plp1,-0.9563430082109541,-0.309598567848127
Plxnb2,-0.08053285213644656,-0.04501285455587478
Plxnb3,-0.5483838944936172,-0.10603623090968117
Pm20d1,-0.03929999175709664,0.11029745317016992
Pmp22,-0.35649419271884764,-0.07503554794353473
Pms1,0.34121294748091824,0.09719500440325746
Pnma2,-0.07434847663204991,0.0413813087731425
Pnoc,0.05540221467413353,0.1057076091693796
Pnpla2,0.5993330575009699,0.18044488979045692
Pole,0.8028347573025751,0.17009873620561589
Polr2a,0.43394690036008043,0.12718390058818763
Pomt1,-0.31649204215989535,-0.008498539370097369
Pomt2,-0.02741027204852564,0.010907833898083474
Pou3f2,0.04825820153454963,0.11637895187753688
Pou3f3,0.010538461116253117,0.07462094640717964
Pou4f1,0.29829636265055814,-0.15234439843902337
Ppfia4,-0.0788963651437058,0.004479223527773968
Ppil3,-0.054166123112025844,-0.014147027735081252
Ppp1r12b,-0.03686455042957704,-0.01367877568489817
Ppp1r12c,0.09688387666402676,0.04063393619812494
Ppp1r13b,0.25551602490960423,0.0317388677756405
Ppp1r1c,0.5270250383349655,0.4400666254363217
Ppp1r2,0.18402309807748907,0.044923546647893886
Ppp1r3f,0.3621365865278765,0.11795685486389651
Ppp1r42,-0.01340354959830492,-0.17401147170740572
Ppp2r2d,0.13255836353383277,0.012153294451032082
Prelp,-0.04839105667268395,-0.022184632451640596
Prex1,-0.4813207629552636,-0.1857596504531447
Prg4,0.8022517758497267,-0.08289659191028154
Prkag3,0.20760271136325503,-0.005164805858715926
Prkar2b,-0.18836042049525226,-0.01085853340947196
Prl2c2,-0.21207611438618645,-0.18385650016204824
Prl2c3,-0.10940241669958972,-0.018054300117808175
Proca1,-0.6760603678042783,-0.2183992799445189
Prodh,0.6857333498445195,0.31801550679965196
Prps1,0.20258313505717762,0.11309265344812047
Prr15,1.1547575314991936,0.29146859986803975
Prr18,-0.8121747320862722,-0.27208798427658376
Prr5l,-0.4743932010840872,-0.19195923515693192
Prrc2c,0.029967043534320226,0.019099642873520395
Prrg1,-0.5803193294467475,-0.15544022219793963
Prss16,-0.368785868049168,-0.36391051514193373
Prss53,-0.7579219927240857,-0.059262716891517186
Prss56,NA,Inf
Psg16,0.04296660272169195,0.053069818205262465
Psmf1,0.22316117811048386,0.09816061464823633
Ptgdr,-0.49554473763174656,-0.26100051495904486
Ptgis,0.4067179884804686,-0.16203097751075912
Ptgs2,0.2639917352254315,0.9307648360387422
Ptgs2os,NA,NA
Ptn,-0.5707202316874831,-0.18660213753005905
Ptp4a1,-0.34490364431886444,-0.11870176124682885
Ptpn18,0.17130961136496659,0.03131957771059701
Ptpn23,-0.1076406297469994,-0.011740870103926326
Ptpn5,0.02111272664438868,0.019152383282817986
Ptprc,0.01093516894784674,0.11932053301489809
Ptprj,0.054502120611827465,-0.04202710005586319
Ptprn,0.08578400553733978,0.053008409655189936
Ptpro,0.009731605983591685,-0.18779839985292135
Ptprv,0.12768826800315658,-Inf
Pxmp2,0.42871748479720484,0.12866497845150882
Pycr1,-1.3700544308133673,-0.24857634590729116
Pyroxd2,-0.44517317376805643,-0.15224489017244025
Qdpr,-0.48653554372618046,-0.11304284917157759
Qpct,-0.16314178498369625,-0.017885735117074475
Rab17,Inf,NA
Rab27b,0.16188255583717748,0.12571728400883497
Rab29,0.009415465727753869,-0.03891978377922278
Rab3b,0.6454000490883045,0.14782084628162284
Rab44,-0.1511128991639792,0.18433734832486826
Rab9b,-0.0901664034459877,0.10168182478603427
Rabgap1l,-0.008959091481402837,0.026509133369328808
Rabl2,-0.20361300536170024,-0.0023881874434099615
Raf1,-0.00750217423944477,0.003482435672506057
Ralgps2,-0.03669250458887685,0.004213253362335578
Rap2a,-0.3474247455463768,-0.1585113285068438
Rasal2,0.0767454528148539,0.017849050396749
Rasgef1a,0.2700012895049433,0.11618353399172143
Rasgrf2,0.26785409695811246,0.0021679334148840823
Rb1cc1,-0.01360515059223566,0.024525342119126492
Rbm10,-0.21483119176574128,-0.028910190384294765
Rbm28,-0.334092971534119,-0.061855586384461425
Rbm3,0.6235968710798865,0.1272899633888258
Rbm6-ps1,-0.15989022512440654,0.17944548877626953
Rbms2,-0.03484140703346306,-0.027602786326519357
Rc3h1,-0.018699756890422137,-0.006926661652265409
Rcor3,0.19085593289686464,0.06128068469285797
Rcsd1,-0.07090186782134467,-0.046994420732786146
Rdh10,-0.07612855263339124,-0.06658749177958434
Relt,0.526302202829755,0.24409525138986776
Ren1,0.17199611490370503,-Inf
Resp18,0.1868241721305628,0.15926424703864228
Rftn2,-0.2788059782860284,-0.06316563473314663
Rfx8,-0.24353544174834663,-0.42338218930721694
Rgcc,-0.24727694694628788,-0.19044858114982688
Rgl1,-0.015845839092412994,-0.01043932697189387
Rgs1,Inf,NA
Rgs16,-0.07223560235923898,-0.02452889864828034
Rgs18,Inf,Inf
Rgsl1,0.08834055971243959,-0.05335909494677482
Rhbdd1,-0.007095335519072599,0.03486464391827493
Rhbdf1,0.04141453235574044,-0.065113577048038
Riok3,0.06584370813507334,0.010335599632782078
Rlbp1,-0.801473822862004,-0.17489746827737473
Rln3,NA,NA
Rmdn3,-0.3189000398533537,-0.059205442670567265
Rmnd1,-0.4847841005446005,-0.11701699015912137
Rnasel,0.05120213616021374,-0.08130238574889503
Rnd3,-0.04283744223260122,-0.01520230589317162
Rnf128,0.04171447525531935,0.09600434980545369
Rnf141,-0.28616379624872756,-0.1267123048615879
Rnf149,-0.03291701011367021,-0.042671215899830806
Rnf170,0.22841179494749397,0.05923799748072511
Rnf180,-0.08087458650422352,-0.05427781688134736
Rnf2,0.05160037273673712,0.0247407188859734
Rnf25,-0.05757904743208542,0.034030243726061116
Rnpep,-0.15107200391531883,0.01447247597058432
Rnpepl1,-0.003389137251880392,-0.009791255775120966
Rorc,0.495191858408619,0.2496515163873898
Rp1,NA,Inf
Rpe,-0.5119985565727898,-0.07601739584702916
Rpl10a-ps1,-0.1100853963157653,-0.022091098669891895
Rpl14-ps1,0.12132736427686996,0.09188904985653812
Rpl19-ps1,-Inf,0.18076922623796
Rpl28-ps1,-0.2160444573861966,-0.04602075012167939
Rpl31,0.004879352851946628,0.0657634037803918
Rpp25,0.23583456018431104,0.18838049578327176
Rprm,-0.03658027118528384,-0.07517175847684054
Rps27a-ps1,NA,NA
Rragc,0.15758687317262776,0.045513310244343685
Rrs1,0.029623367856894234,0.04220658698148849
Rspo1,0.6639696415786349,0.21851866336875903
Rtca,0.3103952025520602,0.09347364542755798
Rtcb,0.16968896919823706,0.0939008672542343
Rufy4,0.30108748837807586,0.15220118649945613
Rwdd2a,0.29236907353765673,0.14991651996201938
Rxfp3,0.23466881765028447,-0.1974785289812777
Rxrg,0.1260823415281913,-0.003981034304117337
S100a8,0.5677629336518093,0.5993876891401149
S100a9,0.5081455559147443,0.5463748142489777
Safb2,-0.1474645148893714,-0.031514851369877306
Sag,-0.030848309656134276,0.24269175634081863
Samd11,0.20041401776845058,0.06406204324540843
Satb2,-0.2322601190926794,0.08113655380060836
Sbk1,-0.33496080669653594,-0.11793064507003592
Sc5d,-0.3785007438776127,-0.15831403356271956
Scarna6,0.10421640353297423,-Inf
Scg2,-0.0059041914747091084,0.03640569768717583
Scml4,-0.08502547253576953,-0.33795782236943817
Scn3b,0.03274025529803826,-0.05977063647653047
Sctr,0.3283043918063806,-0.08402821699848073
Sele,NA,Inf
Selp,NA,NA
Sema3e,-0.22778080268397627,-0.030208574827661927
Sema4c,-0.03396879671579356,-0.021651824746306225
Sema4d,-0.2762291547143345,-0.05967196132853125
Senp3,-0.17179876733186905,-0.01907853975327356
Senp8,-0.4363701160819442,-0.03901022870391646
Serf2,-0.29123068782261985,-0.05473472211403774
Serinc2,-0.30838593800963654,-0.07125203251532408
Serinc5,-0.33615308055772175,-0.1912193776076725
Serpina3g,0.2881054209012355,0.23116177799572224
Serpinb10,Inf,NA
Serpinb1a,-0.8073215953774575,-0.2612079152423563
Serpinb5,-0.17377076061778496,-0.4378238662457712
Serpinb8,-0.4191253788614846,-0.31516146926936095
Serpinc1,NA,NA
Serpinh1,-0.6817605825372262,-0.23334765974974658
Setd7,-0.450116670678371,-0.0669375186776957
Sf3b1,0.09083683011648169,0.043978145553898784
Sfrp2,0.027076696960592006,-0.03858885921639743
Sft2d2,-0.017107772953908196,-0.07336647236807359
Sfxn5,-0.3605705235952037,-0.12052805439278025
Sgk1,0.283735425500506,-0.07068182378007926
Sgsm1,0.09413502104731108,0.06972848290849853
Sh3bp4,-0.04198334349558319,-0.09324832115620918
Sh3gl1,-0.10121540394988848,-0.04742962961824393
Shc1,0.11850059530798163,-0.055737923551475
Sidt1,0.006704523098147064,1.9490744073724642e-4
Sin3b,-0.03304768744007447,-0.026911243339594826
Slain1,-0.2516290450912493,-0.07574145461134396
Slc13a1,-0.9955918888585211,-0.3388209494511667
Slc14a1,-0.34652071925962513,-0.06570970909767215
Slc16a10,0.17936534974367646,0.1831898653623938
Slc16a14,0.07998482642394134,-0.06906645377123244
Slc16a7,-0.4008976258260555,-0.10410431931242137
Slc17a9,1.4620921579573811,0.29226254957732367
Slc20a2,0.3098047414949736,0.07778247109899716
Slc22a4,-0.055370568208847004,-0.015528142519050547
Slc23a3,0.4030541266298877,0.08411253757305204
Slc25a16,0.3337093303346652,0.05890639486977722
Slc25a27,0.009441279502523159,0.018107546918887607
Slc26a7,0.15396966004456036,-0.1957752371730601
Slc26a8,0.7308371788880015,0.10126003454671384
Slc26a9,NA,NA
Slc2a1,0.08526518263242444,0.018746888794831662
Slc2a4,0.9713901826385873,0.23039053001039722
Slc2a4rg-ps,-0.732311517864269,-0.10509738580815853
Slc2a9,0.992726180095751,0.23586829794955833
Slc35b1,0.005150843187495369,-0.030232019944910427
Slc35f1,-0.11507008487571468,0.03905155862742049
Slc35f5,-0.033048671273377295,-0.00642670244209409
Slc35g1,0.22034178422485873,-0.07932410009491164
Slc39a11,0.06163353463127841,0.048815251627646106
Slc39a2,-0.5662638948835799,-0.05119332708756641
Slc47a1,-0.21358893395532874,-0.4246961621185479
Slc4a3,0.007537024703836437,0.01266372608506039
Slc6a12,0.47717607299622866,0.15135928322783077
Slc6a16,-0.0011954642386453607,0.1626061322807839
Slc6a20a,0.5073513947085733,-0.009016434906004456
Slc6a4,0.589804148996772,-Inf
Slc6a6,0.3276130939769146,0.03251210919686898
Slc6a7,0.28476254427129355,0.016621890199552958
Slc7a10,-0.39000951752670066,-0.14352337815007576
Slc7a3,-0.7853440622315455,-0.10376653421668802
Slc9a2,0.08582841778609929,-0.3019389720435308
Slc9a4,0.14373645397802726,0.05435036689910344
Slco4c1,0.03891637147442717,-0.15465270893880323
Slfn4,0.8023271732613171,1.5995894973394205
Slit1,0.2321221590051925,0.03835408440842425
Smad9,0.30882869857072937,0.1186665385882204
Smap1,0.009023557127679993,-0.008050244553418295
Smarcal1,-0.009172879157210545,0.058990401870442355
Smarcd2,0.13793158991385823,0.03311896495050526
Smim14,0.13941087838104949,0.04944178237851027
Smim15,-0.2371459943212031,-0.009423261973388719
Smim8,0.07077196883175318,0.01506817569701635
Smox,0.31257630405885184,0.16034665020186
Smt3h2-ps4,-0.22408798827340648,-Inf
Smtn,-0.13616036646850027,-0.15710731366872377
Smyd3,0.27249320312171754,0.07285831762201678
Snhg3,0.5369695263901475,0.12367354679740838
Snhg4,0.46032823349645646,0.14641304692954105
Snhg6,0.036880309817687085,0.006851649034175011
Snhg8,0.41481526995019014,0.10235437134860881
Snn,0.30719940635879084,0.13572140609154815
Snora41,0.22860965846021442,0.04799953614990393
Snora75,-0.021502280618703296,-0.07285388549512728
Snord47,0.03971883094565998,0.017927275715710067
Snord87,-Inf,-0.3680588261173965
Snord89,-0.0868898797890334,0.0010277434178624922
Sntg1,0.12808818919180442,0.08402313326468747
Soat1,-0.03803323672987435,-0.030116742098926785
Sord,0.31652646324884426,0.09886710955896483
Sost,-1.7560677737140402,-0.40308921553885346
Sox13,-0.014842856630513879,-0.013265615616393944
Sox14,0.2868937447062314,-0.06860347227001728
Sox17,-0.22463691275383724,-0.06426778996922522
Sox2ot,-0.715068170003005,-0.18731964918837107
Sp100,0.1432562149407639,0.23258236807651933
Sp110,-0.12976720318145718,0.029015192605014395
Sp140,0.17412833395149097,-0.08168060152136292
Spag16,0.04889222492309386,-0.08175606008486014
Sparc,0.4459109498483418,0.07421297181255682
Spata2l,-0.26870522288064613,-0.1704606946297309
Spata3,-0.31771940496955375,-9.207758142526501e-5
Spats2l,-0.0946119287150271,-0.0037445343089475003
Spice1,-0.3873629456156653,-0.0039000801217436987
Spin2c,0.0024378022285285184,0.03909199040007305
Spns2,0.20464540140504184,0.045675374754465814
Spon1,0.2995232803062766,0.12409184933907724
Spp2,0.2931458119283954,0.001349443275184159
Spsb3,0.3029601960804804,0.07163329597600399
Srbd1,-0.498065024632365,-0.02304575191010727
Srebf1,0.5736802320324941,0.13258412593289925
Srgap2,-0.005861548778220538,-0.01436523937481482
Srr,-0.4440808582908664,-0.10371065173620408
Srrm4,-0.2023565225138615,-0.11270245594059958
Srsf9,-0.14137448909633488,-0.001961773406345735
Sstr1,-0.04448088628398317,0.027527229453548685
Ssx2ip,0.25230183171593445,0.048540603689017914
St6gal2,-0.05257690169216733,-0.0845780240749976
St8sia2,-0.07950762147219592,-0.02542319805865123
Stac3,-0.7002703938379984,-0.16773935812666707
Stat1,0.05617302975201355,0.23176705818503773
Stat4,0.23330777700734529,0.03900543298219428
Stau2,0.033054468842815155,0.04131912893113565
Stbd1,-0.570662790068083,-0.5722455133834483
Steap3,-0.7335768266570222,-0.48658283201438923
Stk11ip,-0.05431379417155924,0.009951691290056353
Stk17b,-0.355844562596177,-0.04254708668480056
Stk25,0.014571188780237776,0.04463265566671559
Stk32b,0.02493076336840705,-0.32338339637525015
Stk38,-0.050282110866079144,-0.016208366173837696
Stradb,-0.030493513378361037,-0.021476741646939246
Strip1,-0.005931465719482887,0.018783197620328096
Stx3,0.40490326870513815,0.09769889621370087
Stx5a,-0.04854953454278288,0.005165708213364262
Stx6,0.0375837003431716,0.0019263629745802646
Sult1a1,1.0583825268443494,0.20951529505968924
Sumo1,0.005093785835505571,0.06049494058803617
Susd2,-0.2950146053701035,-0.06752904670106208
Susd6,-0.06673015337504395,-0.035226325579232665
Swt1,-0.08219839429225484,-0.003953101731427822
Syne4,0.003728708985799578,0.026621014274939903
Syt16,-0.04963319963483226,-0.06413468952440482
Syvn1,-0.14884935648348208,-0.025170907790076136
Tac4,1.3368277908670714,0.6103965957263275
Tacr1,0.30811338059935034,-0.49219854444009314
Tacr3,0.21144437101020852,-0.3235537551303156
Tada2b,0.2487299629754558,0.06072756731153639
Tal1,0.20796162593884837,0.08090695742899623
Tap2,0.4755332820579188,0.19515202375099072
Tbc1d20,0.059681608558321386,-0.013951644411670294
Tbc1d25,-0.10222087760437581,-0.027040515005253063
Tbc1d8,-0.038789096722033456,0.023752520473371952
Tbx6,-0.7307464268147181,-0.06699826792817465
Tcea1,0.04551244658405018,-0.01393103639117399
Tceal6,0.03597192112263592,0.08709190690960433
Tcf24,0.06891032013867626,-0.0899920187382075
Tchh,0.2534525286704339,0.05433385228890142
Tdgf1,0.2236497954376393,0.020772912007016586
Tdrd5,0.1718979541435841,0.17336177423361399
Tead4,0.05648127268272418,0.03588069029389551
Tenm2,-0.028100515388929104,0.06472841663144635
Tenm3,0.07147267818760294,0.034593229446052476
Terf1,-0.0083084847982553,0.045106030767173344
Tex30,0.06562466052993887,0.0415500905607562
Tfap2b,0.04790448318072826,0.01407407662346305
Tfap2d,-Inf,-1.2421423869210875
Tfap4,0.5805637141828326,0.3156490313345026
Tfdp1,-0.13913719268974845,-0.033284189801888076
Tfrc,0.5193739929799559,0.024859710691041315
Tgfbi,0.05342377911249674,-0.1291524622809579
Tgfbrap1,0.021721558592004087,-0.017037736446456897
Thap1,-0.33177394243373204,-0.03932171323861855
Thap4,-0.01149148586080706,-0.02909373715482566
Thbs3,0.6227099330849581,0.0815888102909943
Thnsl2,0.6205369036260029,0.2779326828179558
Thra,0.3161217123027402,0.06708060331006394
Thsd7b,-0.10305657745093555,0.14614407134365015
Timeless,0.49210854110594493,0.17813817437556256
Timm17a,0.006138158270071692,0.048664021310939276
Timmdc1,-0.3656340839147809,-0.044513137407515835
Timp2,0.23411568642438318,-0.02447250094251352
Tipin,0.41000276557522586,0.16044327243393486
Tiprl,0.0019750593342493517,0.0096783130823761
Tjap1,-0.4794114177826643,-0.12708099224964542
Tm6sf2,-1.6420945167026266,-0.31466674282601037
Tmbim1,0.006196420204243047,0.011696452264859047
Tmco3,-0.3343275541467863,-0.042951139378998526
Tmeff2,-0.26663552568463267,-0.1230379277691096
Tmem120b,0.11209826775141085,0.0010126335035431921
Tmem130,-0.033488509639076014,0.044143900136688785
Tmem131,-0.06709416443859872,0.0045295073985816
Tmem132b,0.26367532982292996,0.002466070418469357
Tmem132c,0.26119337979678825,0.09330146977324016
Tmem14a,-0.10626218423894507,0.03425754496150013
Tmem161a,-0.0673331336834293,0.009018873067845767
Tmem163,-0.07495370947560698,-0.03700073615740607
Tmem169,0.029178122638541026,0.014428799513284574
Tmem182,0.3474141213820521,0.3782315367283058
Tmem183a,-0.014688937776100808,0.01864329525853492
Tmem198b,-0.45047501744817353,-0.17750103643239434
Tmem200c,-0.055025869759612434,0.054917525632908415
Tmem237,-0.022665346616240534,-0.06185731432181818
Tmem29,0.04929739441479697,0.060356099997429524
Tmem33,-0.30020474954069165,-0.048005654987179014
Tmem37,0.15223892501722558,-0.16244728879194525
Tmem62,-0.03179775602027579,0.02113458447497507
Tmem91,0.047014587556971854,-0.08527680181186792
Tmie,0.06368058624874795,0.044492947592007503
Tmprss3,0.24397646733803935,0.06332206537979301
Tnc,-1.3670250155804622,-0.5052108649604641
Tnfrsf11a,-0.03636010521686828,-0.17421084414747767
Tnni1,-0.031866887408800615,-0.05333564807047697
Tomm20,0.21785504770284447,0.05864817449673865
Tomm40l,-0.321652314132332,-0.040569536270657736
Tox,0.07646595076090357,0.05608669836153268
Tox2,0.39159617711374217,0.09031140166535323
Tph2,0.6170178286962873,0.6834882190532214
Tpp2,0.053580713198581265,0.0376740794268251
Tppp,-0.4284617824821595,-0.0671349366202918
Tpr,0.07469979712066888,0.04376253726410795
Tpra1,-0.19482960840705132,-0.012740407512660923
Tra2a,-0.4703247620304296,-0.06335175446574404
Traf1,-0.592332793851936,-0.2563796362109132
Tram1,-0.03390491529491779,-0.004049199208658649
Tram2,-0.03952957060518569,-0.20616824725894833
Trf,-0.6776971575238804,-0.15862615813299286
Trhr,0.0993526661856472,-0.023779401954258095
Trim23,0.2920961039090919,0.12182242449433645
Trim3,0.12595179216377517,0.01874326043257568
Trim59,-0.1764251502580878,0.008372627703650437
Trim65,0.016608985672622367,-0.08095958268680903
Trim72,0.8023705080541323,0.12766909323105535
Trip12,0.06840632089221899,0.022763134374571337
Trmt6,0.04940143495627414,0.026726507948652056
Trp53inp2,-0.505201216774843,-0.2304825180997394
Trpa1,NA,NA
Trpv3,0.5649483355599476,0.039185409335763755
Tsc22d1,-0.2650634996393393,-0.07566191151854795
Tsen15,-0.03147457521267416,0.09888061260177317
Tsga10,-0.5941901176863276,-0.1267969078166633
Tspyl2,0.29617063170463886,0.0950772120326917
Tspyl3,0.0594031344171162,0.07406035138022116
Tspyl4,-0.2552301981312546,0.01656856349534941
Tssk5,1.3480446363153789,0.44767707409704816
Ttll1,-0.09049886040349175,0.0259329431549018
Ttll4,-0.022441027075314146,-0.005615466096275057
Ttpa,-0.37912241632768495,-0.16580500527747777
Ttyh1,0.3432937009321311,0.11096336150406749
Tuba8,-0.49763267084699514,-0.010046641949161383
Tubb2b,-0.8044388918867833,-0.2349326177763018
Tufm,-0.40450770588551155,-0.05568073991501432
Twist2,-Inf,0.4055315961244105
Txndc11,0.04837172839058379,-0.00944546686677139
Txndc9,-0.005562773760775741,0.022771496611823316
Tyro3,-0.30468165752160203,-0.025055072829557545
Tyrp1,-0.2323410672496964,0.2640682002352359
Tyw5,-0.017997473987267476,6.215313464004169e-4
Ube2f,-0.020669859097059096,0.01255835292842633
Ube2t,0.03665216479782618,0.19206149057521227
Ube2v2,-0.23507521526783837,-2.3652678564456409e-4
Ubfd1,-0.2926435206328728,-0.05107301743435144
Ubqln4,-0.2809765699776685,-0.013340945559635387
Ubtd2,0.0030621471701683944,-0.12006606156970268
Ubxn2b,-0.41821998861261633,-0.06920302866397421
Ucp3,0.5038096078344569,0.23427587609322487
Ugt1a7c,-0.3888144027126932,-0.19575666917816004
Ugt8a,-1.3651541655928847,-0.4426282428900157
Unc45a,-0.09092145490918124,-0.049217492139550956
Unc50,0.025818362428217334,0.03402394268271003
Unc5d,0.30656999407553087,0.15048932261544756
Unc80,-0.0160988317030597,0.05597256269673423
Uri1,0.24002385886678468,0.070286995569667
Uros,-0.28374510276312037,0.031207001335536333
Usp12,0.043256431076222235,-0.02557915413443279
Usp19,-0.11109419421351951,-0.019495359745430818
Usp2,0.05633951536318271,-0.03871076768775694
Usp28,-0.2966388613603872,-0.1189168637957625
Usp3,-0.06449396148931541,-0.059640472274459455
Usp40,0.05427322116449318,0.031536728405098025
Uty,NA,NA
Uxs1,0.014529074069394632,-0.011925845281263392
Vmn2r1,1.2229838361347758,0.3440419245884625
Vopp1,-0.2848356727757624,-0.001991822229910234
Vps11,0.3310674453556368,0.11348189160585864
Vps33a,0.18434505395144285,0.09559108261836968
Vps4b,0.0220946379399507,0.015131413878108901
Vstm2a,0.004581045112569626,0.09115416284799682
Vstm5,0.2092453101220011,0.14230594597472646
Vsx2,1.4755364697057818,-Inf
Vwc2l,0.202523911593822,-0.044370204040501626
Wasf2,-0.037144898062011045,-0.08209376417310033
Wdfy2,0.009692924214435905,-0.005402366326008767
Wdfy4,0.11011946415859653,0.19974979387310032
Wdr12,-0.015693651817889176,0.03185373867589014
Wdr24,-0.036560927453809455,0.04904495506689521
Wdr41,-0.21175484982667925,-0.042935343035871654
Wdr75,0.04428401021205719,-0.009716835502507237
Whamm,0.368631472429211,0.07051147004931302
Wnt10a,0.19384083717612066,-0.06847705789706593
Wwox,0.31806103893732285,0.1124805716808499
Xist,0.1772423811368773,-0.6101131463115452
Xpa,0.4689484700862474,0.16428518581628282
Xpc,0.42511967882055846,0.12164428051791365
Xpo1,-0.3423497985756896,-0.05757008577076839
Xpr1,-0.03753341854497094,-0.003944356268277716
Xrcc5,0.062212707921599275,0.005931651614039524
Ybx3,-0.13432419701485188,-0.0548669348196702
Yod1,-0.07163070396551863,-0.008700184826917479
Ypel2,-0.2826072843072849,-0.025623789851783485
Zap70,0.27011216704924657,0.024722596139402864
Zbed6,-0.21813669249768797,-0.09747543598303032
Zbtb21,-0.28611061586767317,-0.0638280836757863
Zbtb24,-0.004215381844201893,-0.030976171720494605
Zbtb41,-0.08497047420792381,0.020077423852556286
Zc3h3,-0.12466482580277116,-0.0538604333540702
Zc3h6,0.5885730309814772,0.2045031837982334
Zcchc12,0.231527284412409,0.022030009526122107
Zdbf2,-0.07971297304495728,0.0014570058551885978
Zdhhc22,0.03732157704715089,0.117047425799651
Zfand2b,-0.014556155229726642,0.04470313300756956
Zfand6,-0.046765807582600516,0.026950194122161264
Zfp119b,0.497015100690831,0.20993318208829592
Zfp142,-0.07252250855530562,-0.041092622931618195
Zfp219,-0.2160270954419179,-0.03002292916157323
Zfp263,0.07127000265710937,0.037984408880697984
Zfp335,0.004101593829824779,0.019684355854704627
Zfp36,0.07187544887893971,-0.12819099319445648
Zfp36l1,-0.08817034157023862,0.022139407422839597
Zfp451,-0.028325878393810733,5.589875983815773e-4
Zfp493,-0.6523802201199667,-0.2409514074233865
Zfp579,-0.3342245967013264,-0.05712056904982887
Zfp598,0.06276039369721165,-2.4208592243457616e-4
Zfp648,-Inf,-Inf
Zfp658,-0.3255693004802689,-0.04148464938343377
Zfp677,-0.23354712217674667,-0.05713922000394778
Zfp810,0.563612142961615,0.14384819929736725
Zfp92,0.26802090452463423,0.07926622791116822
Zfp941,0.11816885780461472,0.11684282485011721
Zfyve28,0.14818482127118138,0.03861096875039216
Zgrf1,0.46994884647359214,0.11947374798149557
Zkscan3,-0.23255118016694265,-0.059280755439352184
Zranb1,0.3037559629460702,0.06933616513202168
Zranb3,-0.003054688890866686,0.019836012925273927
Zscan22,-0.3823323017301359,-0.13205435376151176
Zw10,-0.04320651448841151,0.007940765581336606
